"Area","Minor screen or state","Count"
"Authentication","Forgot-password / reset-password flow","1"
"Authentication","Email verification / welcome confirmation","1"
"Founder profile","Empty draft state before a founder has created an idea profile","1"
"Founder profile","Stage-adaptive traction section variant: Idea stage","1"
"Founder profile","Stage-adaptive traction section variant: Pre-seed stage","1"
"Founder profile","Stage-adaptive traction section variant: Seed/Growth stage","1"
"Founder profile","“Profile published” success confirmation","1"
"Founder profile","“Needs improvement” flags state after review","1"
"Founder profile","Glossary / tooltip pattern for TAM, SAM, SOM, MRR, ARR, valuation, SAFE, and similar terms","1"
"Investor profile","Verification status state: Verified Firm vs Pending Verification","1"
"Discovery","Search empty state","1"
"Discovery","No-results state with filter-reset recommendation","1"
"Discovery","Filter drawer / modal on mobile","1"
"Discovery","Locked Pro filters / upgrade prompt","1"
"Discovery","Save-search confirmation and mocked “1 new match” alert","1"
"Discovery","Profile-view cap reached / upgrade prompt for free investor","1"
"Intros","Request Intro confirmation modal for subscribed investor","1"
"Intros","Investor subscription-required modal before requesting an intro","1"
"Messaging","Inbox empty state","1"
"Messaging","New-intro notification / unread conversation state","1"
"Simulator","Microphone-permission request and denied-permission recovery","1"
"Simulator","Persona-generation loading state","1"
"Simulator","Pitch transcription / processing state","1"
"Simulator","Q&A question-loading / audio-playing state","1"
"Simulator","Free-session warning: “This session will not count toward your score”","1"
"Simulator","Free-session limit reached / upgrade prompt","1"
"Simulator","“Set as profile recording” confirmation for eligible Pro session","1"
"Payments","Checkout cancelled / payment unsuccessful state","1"